{"cameraMode":{"drawMode":0,"name":"Shaded","section":"Shading Mode"},"sceneLighting":false,"audioPlay":false,"sceneViewState":{"showFog":true,"showMaterialUpdate":true,"showSkybox":false,"showFlares":true,"showImageEffects":true,"showParticleSystems":true},"in2DMode":false,"pivot":{"x":-10.577787399291993,"y":23.030664443969728,"z":15.964227676391602},"rotation":{"x":-0.15478931367397309,"y":0.3914073705673218,"z":-0.06958027184009552,"w":-0.905148446559906},"size":102.00401306152344,"orthographic":false}