{"cameraMode":{"drawMode":0,"name":"Shaded","section":"Shading Mode"},"sceneLighting":true,"audioPlay":false,"sceneViewState":{"showFog":true,"showMaterialUpdate":true,"showSkybox":true,"showFlares":true,"showImageEffects":true,"showParticleSystems":true},"in2DMode":false,"pivot":{"x":-5.138311386108398,"y":10.02454948425293,"z":356.68145751953127},"rotation":{"x":-0.30186501145362856,"y":0.6352381706237793,"z":-0.30536824464797976,"w":-0.643235981464386},"size":59.13301086425781,"orthographic":false}